Órgão Sup UResp Compra ID,Órgão Vinc UResp Compra DESC,Órgão UResp Compra ID,Órgão UResp Compra DESC,Cod UResp Compra DESC,Cod UResp Compra NOME,UF UResp Compra DESC,Municipio UResp Compra DESC,Número Processo Compra DESC,Modalidade Compra DESC,Identif Compra DESC,Tipo Licitação DESC,Inciso Disp Legal DESC,Forma Compra DESC,Objeto Compra DESC,Ano Resultado Compra DESC,Dia Abert Sessão Publ ID,Sit Atual Compra DESC,Existência Result Compra DESC,Dia Homologação Compra ID,Sub-rogação Compra DESC,Valor Total Homologado
26000,MINISTERIO DA EDUCACAO,26421,"INST.FED.DE EDUC.,CIENC.E TEC. DE RONDONIA",158148,"INST.FED.DE EDUC.,CIENC.E TEC.DE RONDONIA",RO,PORTO VELHO,23243015146201911,Pregão,15814805000012020,Não se Aplica,NAO SE APLICA,SISRP,"Objeto: Pregão Eletrônico -  Contratação de empresa especializada para prestação do serviço de hospedagem com fornecimento de alimentação nos municípios de Porto Velho/RO, Ariquemes/RO, Ji-Paraná/RO, Cacoal/RO, Vilhena/RO, Guajará-Mirim/RO, Jaru/RO, Colorado do Oeste/RO e São Miguel do Guaporé/RO para atender as demandas do IFRO, pelo período de 12 (doze) meses",2020,9/3/2020,Evento de Resultado de Julgamento Publicado,Existe Resultado de Compra,13/4/2020,Não Subrogou Compra,"930.176,00"
26000,MINISTERIO DA EDUCACAO,26421,"INST.FED.DE EDUC.,CIENC.E TEC. DE RONDONIA",158148,"INST.FED.DE EDUC.,CIENC.E TEC.DE RONDONIA",RO,PORTO VELHO,23243000925202055,Pregão,15814805000032020,Não se Aplica,NAO SE APLICA,SISRP,"Objeto: Pregão Eletrônico -  Contratação do serviço de emissão e renovação de certificação digital A3, e CPF, e-CNPJ e e-CPF em nuvem, dentro das especificações e normas ICP-Brasil, com validade mínima de 3 (três) anos, e aquisição de dispositivos para armazenamento de certificados digitais do tipo token USB criptográfico para atender o Instituto Federal de Rondônia-IFRO.",2020,28/5/2020,Evento de Resultado de Julgamento Publicado,Existe Resultado de Compra,19/6/2020,Não Subrogou Compra,"12.319,00"
26000,MINISTERIO DA EDUCACAO,26421,"INST.FED.DE EDUC.,CIENC.E TEC. DE RONDONIA",158148,"INST.FED.DE EDUC.,CIENC.E TEC.DE RONDONIA",RO,PORTO VELHO,23243025908201997,Dispensa de Licitação,15814806000012020,Não se Aplica,INCISO II,SISPP,"Objeto: Contratação de empresa especializada em instalação de cerca elétrica, concertina e fechadura elétrica, para atender a demanda Reitoria do IFRO, nas quantidades e especificações detalhadas no Projeto Básico.",2020,1/1/1900,Encerrado,Existe Resultado de Compra,1/1/1900,Não Subrogou Compra,"6.270,50"
26000,MINISTERIO DA EDUCACAO,26421,"INST.FED.DE EDUC.,CIENC.E TEC. DE RONDONIA",158148,"INST.FED.DE EDUC.,CIENC.E TEC.DE RONDONIA",RO,PORTO VELHO,23243003848202095,Dispensa de Licitação,15814806000022020,Não se Aplica,INCISO VIII,SISPP,Objeto: Contratação de serviços (concorrenciais) dos Correios,2020,1/1/1900,Publicado,Existe Resultado de Compra,1/1/1900,Não Subrogou Compra,"25.000,00"
26000,MINISTERIO DA EDUCACAO,26421,"INST.FED.DE EDUC.,CIENC.E TEC. DE RONDONIA",158148,"INST.FED.DE EDUC.,CIENC.E TEC.DE RONDONIA",RO,PORTO VELHO,23243003848202095,Inexigibilidade de Licitação,15814807000012020,Não se Aplica,CAPUT,SISPP,"Objeto: Contratação de serviços de Correios, relativos aos inseridos no monopólio.",2020,1/1/1900,Publicado,Existe Resultado de Compra,1/1/1900,Não Subrogou Compra,"377.500,00"
26000,MINISTERIO DA EDUCACAO,26421,"INST.FED.DE EDUC.,CIENC.E TEC. DE RONDONIA",158148,"INST.FED.DE EDUC.,CIENC.E TEC.DE RONDONIA",RO,PORTO VELHO,23243003366202035,Dispensa de Licitação,15814806000032020,Não se Aplica,INCISO II,SISPP,Objeto: Contratação de empresa especializada na prestação de serviços elétricos para atender a adequação da rede elétrica do Laboratório de Informática do Campus São Miguel do Guaporé-IFRO.,2020,1/1/1900,Encerrado,Existe Resultado de Compra,1/1/1900,Não Subrogou Compra,"2.257,06"
26000,MINISTERIO DA EDUCACAO,26421,"INST.FED.DE EDUC.,CIENC.E TEC. DE RONDONIA",158148,"INST.FED.DE EDUC.,CIENC.E TEC.DE RONDONIA",RO,PORTO VELHO,23243009580202003,Dispensa de Licitação,15814806000042020,Não se Aplica,INCISO II,SISPP,"Objeto: Contratação de licença de software para elaboração de orçamento de obras, para atender a demanda do Instituto Federal de Rondônia-IFRO.",2020,1/1/1900,Encerrado,Existe Resultado de Compra,1/1/1900,Não Subrogou Compra,"1.798,00"
26000,MINISTERIO DA EDUCACAO,26421,"INST.FED.DE EDUC.,CIENC.E TEC. DE RONDONIA",158148,"INST.FED.DE EDUC.,CIENC.E TEC.DE RONDONIA",RO,PORTO VELHO,23243010424202087,Dispensa de Licitação,15814806000052020,Não se Aplica,INCISO II,SISPP,"Objeto: Contratação do serviço de instalação do sistema de sonorização do auditório da Reitoria do Instituto Federal de Rondônia-IFRO, nas quantidades e especificações constantes no Projeto Básico.",2020,1/1/1900,Encerrado,Existe Resultado de Compra,1/1/1900,Não Subrogou Compra,"4.000,00"
26000,MINISTERIO DA EDUCACAO,26421,"INST.FED.DE EDUC.,CIENC.E TEC. DE RONDONIA",158341,INST.FED.DE RONDONIA/CAMPUS COLORADO DO OESTE,RO,COLORADO DO OESTE,23243020281201988,Pregão,15834105000222019,Não se Aplica,NAO SE APLICA,SISPP,Objeto: Pregão Eletrônico -  Contratação de Serviço de Manutenção Preventiva e Corretiva em Sistema de Refrigeração e Climatização,2020,6/1/2020,Evento de Resultado de Julgamento Publicado,Existe Resultado de Compra,17/1/2020,Não Subrogou Compra,"138.228,00"
26000,MINISTERIO DA EDUCACAO,26421,"INST.FED.DE EDUC.,CIENC.E TEC. DE RONDONIA",158341,INST.FED.DE RONDONIA/CAMPUS COLORADO DO OESTE,RO,COLORADO DO OESTE,23243025983201958,Pregão,15834105000232019,Não se Aplica,NAO SE APLICA,SISRP,"Objeto: Pregão Eletrônico -  Aquisição de REAGENTES, EPI, LIMPEZA, ESPORTIVO, PRODUTOS E EQUIPAMENTOS AGROPECUÁRIOS E DE COZINHA,",2020,30/12/2019,Evento de Resultado de Julgamento Publicado,Existe Resultado de Compra,2/1/2020,Não Subrogou Compra,"22.970,55"
26000,MINISTERIO DA EDUCACAO,26421,"INST.FED.DE EDUC.,CIENC.E TEC. DE RONDONIA",158341,INST.FED.DE RONDONIA/CAMPUS COLORADO DO OESTE,RO,COLORADO DO OESTE,23243000094202011,Pregão,15834105000012020,Não se Aplica,NAO SE APLICA,SISRP,"Objeto: Pregão Eletrônico -  Produtos e equipamentos agropecuários e alimentícios,",2020,23/1/2020,Evento de Resultado de Julgamento Publicado,Existe Resultado de Compra,30/1/2020,Não Subrogou Compra,"76.688,19"
26000,MINISTERIO DA EDUCACAO,26421,"INST.FED.DE EDUC.,CIENC.E TEC. DE RONDONIA",158341,INST.FED.DE RONDONIA/CAMPUS COLORADO DO OESTE,RO,COLORADO DO OESTE,23243000953202072,Pregão,15834105000022020,Não se Aplica,NAO SE APLICA,SISRP,"Objeto: Pregão Eletrônico -  Aquisição de carga e acessórios para extintores e gases diversos,",2020,10/2/2020,Evento de Resultado de Julgamento Publicado,Existe Resultado de Compra,14/2/2020,Não Subrogou Compra,"135.434,74"
26000,MINISTERIO DA EDUCACAO,26421,"INST.FED.DE EDUC.,CIENC.E TEC. DE RONDONIA",158341,INST.FED.DE RONDONIA/CAMPUS COLORADO DO OESTE,RO,COLORADO DO OESTE,23243001275202065,Pregão,15834105000042020,Não se Aplica,NAO SE APLICA,SISRP,Objeto: Pregão Eletrônico -  Aquisição de CARNE E PRODUTO PARA EMBUTIDOS,2020,11/2/2020,Evento de Resultado de Julgamento Publicado,Existe Resultado de Compra,12/2/2020,Não Subrogou Compra,"243.100,00"
26000,MINISTERIO DA EDUCACAO,26421,"INST.FED.DE EDUC.,CIENC.E TEC. DE RONDONIA",158341,INST.FED.DE RONDONIA/CAMPUS COLORADO DO OESTE,RO,COLORADO DO OESTE,23243023100201975,Pregão,15834105000242019,Não se Aplica,NAO SE APLICA,SISRP,Objeto: Pregão Eletrônico -  Contratação de empresa de engenharia e arquitetura para execução de projetos,2020,2/3/2020,Evento de Resultado de Julgamento Publicado,Existe Resultado de Compra,27/3/2020,Não Subrogou Compra,"98.787,18"
26000,MINISTERIO DA EDUCACAO,26421,"INST.FED.DE EDUC.,CIENC.E TEC. DE RONDONIA",158341,INST.FED.DE RONDONIA/CAMPUS COLORADO DO OESTE,RO,COLORADO DO OESTE,23243000801202070,Pregão,15834105000032020,Não se Aplica,NAO SE APLICA,SISRP,"Objeto: Pregão Eletrônico -  Aquisição de Produtos Limpeza, Higienização, EPI, Embalagem, Copa e Cozinha.",2020,11/3/2020,Evento de Resultado de Julgamento Publicado,Existe Resultado de Compra,23/4/2020,Não Subrogou Compra,"194.571,75"
26000,MINISTERIO DA EDUCACAO,26421,"INST.FED.DE EDUC.,CIENC.E TEC. DE RONDONIA",158341,INST.FED.DE RONDONIA/CAMPUS COLORADO DO OESTE,RO,COLORADO DO OESTE,23243001731202077,Pregão,15834105000052020,Não se Aplica,NAO SE APLICA,SISRP,Objeto: Pregão Eletrônico -  Material para manutenção predial com instalação,2020,5/3/2020,Evento de Resultado de Julgamento Publicado,Existe Resultado de Compra,27/3/2020,Não Subrogou Compra,"239.484,50"
26000,MINISTERIO DA EDUCACAO,26421,"INST.FED.DE EDUC.,CIENC.E TEC. DE RONDONIA",158341,INST.FED.DE RONDONIA/CAMPUS COLORADO DO OESTE,RO,COLORADO DO OESTE,23243003661202091,Pregão,15834105000062020,Não se Aplica,NAO SE APLICA,SISRP,"Objeto: Pregão Eletrônico -  Aquisição futura e parcelada de MATERIAIS DE EXPEDIENTE, TONER E TINTAS DE IMPRESSORAS, MATERIAIS DE EXPEDIENTE DE TECNOLOGIA DA INFORMAÇÃO E MATERIAIS DE DIVULGAÇÃO.",2020,25/3/2020,Evento de Resultado de Julgamento Publicado,Existe Resultado de Compra,14/5/2020,Não Subrogou Compra,"253.627,10"
26000,MINISTERIO DA EDUCACAO,26421,"INST.FED.DE EDUC.,CIENC.E TEC. DE RONDONIA",158341,INST.FED.DE RONDONIA/CAMPUS COLORADO DO OESTE,RO,COLORADO DO OESTE,23243004801202049,Pregão,15834105000072020,Não se Aplica,NAO SE APLICA,SISRP,"Objeto: Pregão Eletrônico -  Aquisição equipamentos para ensino, pesquisa e extensão,",2020,5/5/2020,Evento de Resultado de Julgamento Publicado,Existe Resultado de Compra,10/6/2020,Não Subrogou Compra,"1.086.640,45"
26000,MINISTERIO DA EDUCACAO,26421,"INST.FED.DE EDUC.,CIENC.E TEC. DE RONDONIA",158341,INST.FED.DE RONDONIA/CAMPUS COLORADO DO OESTE,RO,COLORADO DO OESTE,23243007379202083,Pregão,15834105000092020,Não se Aplica,NAO SE APLICA,SISRP,"Objeto: Pregão Eletrônico -  Aquisição de Produtos de Limpeza, EPI e Acondicionamento/Embalagem.",2020,26/5/2020,Evento de Resultado de Julgamento Publicado,Existe Resultado de Compra,22/6/2020,Não Subrogou Compra,"210.468,54"
26000,MINISTERIO DA EDUCACAO,26421,"INST.FED.DE EDUC.,CIENC.E TEC. DE RONDONIA",158341,INST.FED.DE RONDONIA/CAMPUS COLORADO DO OESTE,RO,COLORADO DO OESTE,23243007644202023,Pregão,15834105000102020,Não se Aplica,NAO SE APLICA,SISRP,Objeto: Pregão Eletrônico -  Aquisição futura e parcelada de materiais de expediente administrativo de tecnologia da informação e material de divulgação institucional.,2020,15/6/2020,Evento de Resultado de Julgamento Publicado,Existe Resultado de Compra,28/7/2020,Não Subrogou Compra,"207.075,41"
26000,MINISTERIO DA EDUCACAO,26421,"INST.FED.DE EDUC.,CIENC.E TEC. DE RONDONIA",158341,INST.FED.DE RONDONIA/CAMPUS COLORADO DO OESTE,RO,COLORADO DO OESTE,23343007996202089,Pregão,15834105000122020,Não se Aplica,NAO SE APLICA,SISRP,"Objeto: Pregão Eletrônico -  Equipamentos para ensino, pesquisa e extensão",2020,26/6/2020,Evento de Resultado de Julgamento Publicado,Existe Resultado de Compra,22/7/2020,Não Subrogou Compra,"878.089,12"
26000,MINISTERIO DA EDUCACAO,26421,"INST.FED.DE EDUC.,CIENC.E TEC. DE RONDONIA",158341,INST.FED.DE RONDONIA/CAMPUS COLORADO DO OESTE,RO,COLORADO DO OESTE,23343001517202011,Dispensa de Licitação,15834106000012020,Não se Aplica,INCISO II,SISPP,Objeto: Mourões cimento,2020,1/1/1900,Encerrado,Existe Resultado de Compra,1/1/1900,Não Subrogou Compra,"6.000,00"
26000,MINISTERIO DA EDUCACAO,26421,"INST.FED.DE EDUC.,CIENC.E TEC. DE RONDONIA",158341,INST.FED.DE RONDONIA/CAMPUS COLORADO DO OESTE,RO,COLORADO DO OESTE,23243003328202082,Dispensa de Licitação,15834106000022020,Não se Aplica,INCISO II,SISPP,Objeto: Aquisição de Papel para Impressora Braille.,2020,1/1/1900,Encerrado,Existe Resultado de Compra,1/1/1900,Não Subrogou Compra,"2.869,50"
26000,MINISTERIO DA EDUCACAO,26421,"INST.FED.DE EDUC.,CIENC.E TEC. DE RONDONIA",158341,INST.FED.DE RONDONIA/CAMPUS COLORADO DO OESTE,RO,COLORADO DO OESTE,23243007126202018,Dispensa de Licitação,15834106000032020,Não se Aplica,CAPUT,SISPP,Objeto: Aquisição de Mascará - EPI (COVID-19),2020,1/1/1900,Encerrado,Existe Resultado de Compra,1/1/1900,Não Subrogou Compra,"16.864,00"
26000,MINISTERIO DA EDUCACAO,26421,"INST.FED.DE EDUC.,CIENC.E TEC. DE RONDONIA",158341,INST.FED.DE RONDONIA/CAMPUS COLORADO DO OESTE,RO,COLORADO DO OESTE,23243006928202001,Dispensa de Licitação,15834106000042020,Não se Aplica,INCISO I,SISPP,Objeto: Contratação de Elaboração de Projeto de Engenharia.,2020,1/1/1900,Encerrado,Existe Resultado de Compra,1/1/1900,Não Subrogou Compra,"32.118,75"
26000,MINISTERIO DA EDUCACAO,26421,"INST.FED.DE EDUC.,CIENC.E TEC. DE RONDONIA",158341,INST.FED.DE RONDONIA/CAMPUS COLORADO DO OESTE,RO,COLORADO DO OESTE,23243008934202094,Dispensa de Licitação,15834106000052020,Não se Aplica,INCISO II,SISPP,Objeto: Contratação de Serviço de Desdobramento de  Madeira,2020,1/1/1900,Encerrado,Existe Resultado de Compra,1/1/1900,Não Subrogou Compra,"14.900,00"
26000,MINISTERIO DA EDUCACAO,26421,"INST.FED.DE EDUC.,CIENC.E TEC. DE RONDONIA",158341,INST.FED.DE RONDONIA/CAMPUS COLORADO DO OESTE,RO,COLORADO DO OESTE,23243009047202033,Dispensa de Licitação,15834106000072020,Não se Aplica,INCISO II,SISPP,Objeto: Aquisição de Produtos com Suporte Técnico para Manutenção de ETE.,2020,1/1/1900,Encerrado,Existe Resultado de Compra,1/1/1900,Não Subrogou Compra,"6.134,50"
26000,MINISTERIO DA EDUCACAO,26421,"INST.FED.DE EDUC.,CIENC.E TEC. DE RONDONIA",158341,INST.FED.DE RONDONIA/CAMPUS COLORADO DO OESTE,RO,COLORADO DO OESTE,23243008911202080,Dispensa de Licitação,15834106000092020,Não se Aplica,INCISO II,SISPP,"Objeto: Carbopol 940 com as seguintes garantias: pH 2,7   3,5; Viscosidade 0,5% 45000- 65000 cps; Solventes Residuais Máx. 0,1%. O reagente deverá atender a NORMA - 17025 de boas práticas de certificação de laboratório. (polímero Carbômer 940)",2020,1/1/1900,Encerrado,Existe Resultado de Compra,1/1/1900,Não Subrogou Compra,"5.250,00"
26000,MINISTERIO DA EDUCACAO,26421,"INST.FED.DE EDUC.,CIENC.E TEC. DE RONDONIA",158341,INST.FED.DE RONDONIA/CAMPUS COLORADO DO OESTE,RO,COLORADO DO OESTE,23243008187202094,Dispensa de Licitação,15834106000102020,Não se Aplica,INCISO XII,SISPP,"Objeto: Chamada Pública para a compra de produtos alimentícios proveniente da agricultura familiar, oriundo de orçamento destinado ao Programa Nacional de Alimentação Escolar - PNAE.",2020,1/1/1900,Publicado,Existe Resultado de Compra,1/1/1900,Não Subrogou Compra,"77.365,14"
26000,MINISTERIO DA EDUCACAO,26421,"INST.FED.DE EDUC.,CIENC.E TEC. DE RONDONIA",158341,INST.FED.DE RONDONIA/CAMPUS COLORADO DO OESTE,RO,COLORADO DO OESTE,23243010095202074,Dispensa de Licitação,15834106000112020,Não se Aplica,INCISO II,SISPP,Objeto: Aquisição de Produto para Manutenção de Estufas da Coordenação de Olericultura,2020,1/1/1900,Encerrado,Existe Resultado de Compra,1/1/1900,Não Subrogou Compra,"11.433,28"
26000,MINISTERIO DA EDUCACAO,26421,"INST.FED.DE EDUC.,CIENC.E TEC. DE RONDONIA",158342,INST.FED.DE RONDONIA/CAMPUS VILHENA/RO,RO,VILHENA,23243020922201813,Dispensa de Licitação,15834206000012020,Não se Aplica,INCISO II,SISPP,Objeto: Aquisição de materiais elétricos para a cobrança da energia elétrica.,2020,1/1/1900,Encerrado,Existe Resultado de Compra,1/1/1900,Não Subrogou Compra,"3.733,18"
26000,MINISTERIO DA EDUCACAO,26421,"INST.FED.DE EDUC.,CIENC.E TEC. DE RONDONIA",158342,INST.FED.DE RONDONIA/CAMPUS VILHENA/RO,RO,VILHENA,23243008229202097,Dispensa de Licitação,15834206000022020,Não se Aplica,INCISO II,SISPP,Objeto: Aquisição de máscara de proteção contra COVID-19,2020,1/1/1900,Encerrado,Existe Resultado de Compra,1/1/1900,Não Subrogou Compra,"7.450,00"
26000,MINISTERIO DA EDUCACAO,26421,"INST.FED.DE EDUC.,CIENC.E TEC. DE RONDONIA",158342,INST.FED.DE RONDONIA/CAMPUS VILHENA/RO,RO,VILHENA,23243008942202031,Dispensa de Licitação,15834206000032020,Não se Aplica,INCISO II,SISPP,"Objeto: Aquisição de Kits de gêneros alimentícios para atendimento ao Programa Nacional de Alimentação Escolar   PNAE, conforme demanda do Instituto Federal de Rondônia - Campus Vilhena.",2020,1/1/1900,Revogação,Existe Resultado de Compra,1/1/1900,Não Subrogou Compra,"19.242,32"
26000,MINISTERIO DA EDUCACAO,26421,"INST.FED.DE EDUC.,CIENC.E TEC. DE RONDONIA",158342,INST.FED.DE RONDONIA/CAMPUS VILHENA/RO,RO,VILHENA,23243008942202031,Dispensa de Licitação,15834206000042020,Não se Aplica,INCISO II,SISPP,"Objeto: Aquisição de Kits de gêneros alimentícios para atendimento ao Programa Nacional de Alimentação Escolar   PNAE, considerando a situação de emergência decorrente da pandemia do coronavírus.",2020,1/1/1900,Encerrado,Existe Resultado de Compra,1/1/1900,Não Subrogou Compra,"19.242,32"
26000,MINISTERIO DA EDUCACAO,26421,"INST.FED.DE EDUC.,CIENC.E TEC. DE RONDONIA",158343,INST.FED.DE RONDONIA/CAMPUS ARIQUEMES/RO,RO,ARIQUEMES,23243018714201935,Pregão,15834305000012020,Não se Aplica,NAO SE APLICA,SISRP,"Objeto: Pregão Eletrônico -  Contratação de Empresa especializada na prestação de serviços de controle de vetores, pragas urbanas e insetos nas instalações do Instituto Federal de Educação, Ciência e Tecnologia de Rondônia/IFRO.",2020,18/3/2020,Publicado,Existe Resultado de Compra,7/4/2020,Não Subrogou Compra,"173.016,41"
26000,MINISTERIO DA EDUCACAO,26421,"INST.FED.DE EDUC.,CIENC.E TEC. DE RONDONIA",158343,INST.FED.DE RONDONIA/CAMPUS ARIQUEMES/RO,RO,ARIQUEMES,23243010923201931,Pregão,15834305000022020,Não se Aplica,NAO SE APLICA,SISRP,"Objeto: Pregão Eletrônico -  Eventual  aquisição conjunta de material hidráulico  para as Coordenações de Serviços Gerais do Instituto Federal de Educação, Ciência e Tecnologia de Rondônia/IFRO",2020,29/6/2020,Evento de Alteração Publicado,Existe Resultado de Compra,17/7/2020,Não Subrogou Compra,"357.592,71"
26000,MINISTERIO DA EDUCACAO,26421,"INST.FED.DE EDUC.,CIENC.E TEC. DE RONDONIA",158343,INST.FED.DE RONDONIA/CAMPUS ARIQUEMES/RO,RO,ARIQUEMES,23243006351202029,Pregão,15834305000032020,Não se Aplica,NAO SE APLICA,SISRP,"Objeto: Pregão Eletrônico -  Registro de preços para eventual Aquisição de Gás e Água Mineral para atender a demanda do Instituto Federal de Educação, Ciência e Tecnologia de Rondônia/IFRO",2020,23/6/2020,Publicado,Existe Resultado de Compra,7/7/2020,Não Subrogou Compra,"2.504,50"
26000,MINISTERIO DA EDUCACAO,26421,"INST.FED.DE EDUC.,CIENC.E TEC. DE RONDONIA",158343,INST.FED.DE RONDONIA/CAMPUS ARIQUEMES/RO,RO,ARIQUEMES,23243001626202038,Dispensa de Licitação,15834306000012020,Não se Aplica,INCISO I,SISPP,"Objeto: Contratação de empresa especializada na prestação de serviços de Topografia e Sondagem, para atender a demanda do IFRO - Campus Ariquemes.",2020,1/1/1900,Retificação,Existe Resultado de Compra,1/1/1900,Não Subrogou Compra,"7.282,05"
26000,MINISTERIO DA EDUCACAO,26421,"INST.FED.DE EDUC.,CIENC.E TEC. DE RONDONIA",158343,INST.FED.DE RONDONIA/CAMPUS ARIQUEMES/RO,RO,ARIQUEMES,23243.009943/2020,Inexigibilidade de Licitação,15834307000012020,Não se Aplica,INCISO II,SISPP,"Objeto: Contratação da empresa IPE - INOVA PRATICAS EDUCACIONAIS - PESQUISA, EVENTOS E CONSULTORIA LTDA, na modalidade Online , CNPJ  18.958.677/0001-00 para atender ao Campus Ariquemes, do Instituto Federal de Educação, Ciência e Tecnologia, no valor de R$ 29.000,00 (vinte e nove mil reais), com base no Artigo 25, inciso II da Lei nº 8.666/1993, de acordo com os elementos que instruem o processo, a fim de atender ao disposto no caput do Artigo 26, da mesma Lei.",2020,1/1/1900,Publicado,Existe Resultado de Compra,1/1/1900,Não Subrogou Compra,"29.000,00"
26000,MINISTERIO DA EDUCACAO,26421,"INST.FED.DE EDUC.,CIENC.E TEC. DE RONDONIA",158343,INST.FED.DE RONDONIA/CAMPUS ARIQUEMES/RO,RO,ARIQUEMES,23243.009944/2020,Inexigibilidade de Licitação,15834307000022020,Não se Aplica,INCISO II,SISPP,"Objeto: Contratar capacitação da empresa CIPRIANO CARLOS LUCKESI ME, na modalidade Online , CNPJ 22.613.567/0001-76 para atender ao Campus Ariquemes, do Instituto Federal de Educação, Ciência e Tecnologia, no valor de R$ 6.000,00 (seis mil reais), com base no Artigo 25, inciso II da Lei nº 8.666/1993",2020,1/1/1900,Retificação,Existe Resultado de Compra,1/1/1900,Não Subrogou Compra,"6.000,00"
26000,MINISTERIO DA EDUCACAO,26421,"INST.FED.DE EDUC.,CIENC.E TEC. DE RONDONIA",158345,INST.FED.DE RONDONIA/CAMPUS PORTO VELHO/RO,RO,PORTO VELHO,23243009898201942,Pregão,15834505000122019,Não se Aplica,NAO SE APLICA,SISRP,Objeto: Pregão Eletrônico -  Materiais Esportivos,2020,20/9/2019,Publicado,Existe Resultado de Compra,17/2/2020,Não Subrogou Compra,"881.600,68"
26000,MINISTERIO DA EDUCACAO,26421,"INST.FED.DE EDUC.,CIENC.E TEC. DE RONDONIA",158345,INST.FED.DE RONDONIA/CAMPUS PORTO VELHO/RO,RO,PORTO VELHO,23243008821201955,Pregão,15834505000142019,Não se Aplica,NAO SE APLICA,SISRP,Objeto: Pregão Eletrônico -  Aquisição de materiais de acondicionamento e embalagem.,2020,9/12/2019,Evento de Adiamento Publicado,Existe Resultado de Compra,28/2/2020,Não Subrogou Compra,"134.742,10"
26000,MINISTERIO DA EDUCACAO,26421,"INST.FED.DE EDUC.,CIENC.E TEC. DE RONDONIA",158345,INST.FED.DE RONDONIA/CAMPUS PORTO VELHO/RO,RO,PORTO VELHO,23243021229201949,Dispensa de Licitação,15834506000012020,Não se Aplica,INCISO II,SISPP,Objeto: Contratação direta por Dispensa de Licitação do serviço de manutenção corretiva em impressoras.,2020,1/1/1900,Encerrado,Existe Resultado de Compra,1/1/1900,Não Subrogou Compra,"5.120,00"
26000,MINISTERIO DA EDUCACAO,26421,"INST.FED.DE EDUC.,CIENC.E TEC. DE RONDONIA",158345,INST.FED.DE RONDONIA/CAMPUS PORTO VELHO/RO,RO,PORTO VELHO,23243.007960/2020,Inexigibilidade de Licitação,15834507000012020,Não se Aplica,INCISO II,SISPP,"Objeto: Curso de capacitação ofertado de forma online e ao vivo, com carga horária mínima de 6 horas. O curso será ofertado para  os 3 (três) servidores que atuam na Coordenação de Compras e Licitações do Campus Porto Velho Calama.",2020,1/1/1900,Anulação,Existe Resultado de Compra,1/1/1900,Não Subrogou Compra,"1.900,00"
26000,MINISTERIO DA EDUCACAO,26421,"INST.FED.DE EDUC.,CIENC.E TEC. DE RONDONIA",158376,INST.FED.DE RONDONIA/CAMPUS JI-PARANA/RO,RO,JI-PARANA,008812/2018-83,Pregão,15837605000022020,Não se Aplica,NAO SE APLICA,SISPP,Objeto: Pregão Eletrônico -  Contratação de serviços de limpeza e conservação,2020,25/3/2020,Evento de Alteração Publicado,Existe Resultado de Compra,8/4/2020,Não Subrogou Compra,"1.546.523,64"
26000,MINISTERIO DA EDUCACAO,26421,"INST.FED.DE EDUC.,CIENC.E TEC. DE RONDONIA",158376,INST.FED.DE RONDONIA/CAMPUS JI-PARANA/RO,RO,JI-PARANA,23243020488201952,Pregão,15837605000012020,Não se Aplica,NAO SE APLICA,SISRP,Objeto: Pregão Eletrônico -  Contratação de serviços de apoio administrativo e manutenção,2020,21/2/2020,Evento de Resultado de Julgamento Publicado,Existe Resultado de Compra,16/3/2020,Não Subrogou Compra,"8.523.526,59"
26000,MINISTERIO DA EDUCACAO,26421,"INST.FED.DE EDUC.,CIENC.E TEC. DE RONDONIA",158376,INST.FED.DE RONDONIA/CAMPUS JI-PARANA/RO,RO,JI-PARANA,020905/2019-67,Pregão,15837605000042019,Não se Aplica,NAO SE APLICA,SISRP,Objeto: Pregão Eletrônico -  Aquisição Futura e Eventual de Material Bibliográfico,2020,29/1/2020,Evento de Resultado de Julgamento Publicado,Existe Resultado de Compra,4/2/2020,Não Subrogou Compra,"2.787.181,51"
26000,MINISTERIO DA EDUCACAO,26421,"INST.FED.DE EDUC.,CIENC.E TEC. DE RONDONIA",158376,INST.FED.DE RONDONIA/CAMPUS JI-PARANA/RO,RO,JI-PARANA,008357/2020-31,Pregão,15837605000042020,Não se Aplica,NAO SE APLICA,SISRP,"Objeto: Pregão Eletrônico -  Aquisição Equipamentos para Implantação Centro Tecnológico do Campus Ji-Paraná, do IFRO.",2020,22/6/2020,Evento de Resultado de Julgamento Publicado,Existe Resultado de Compra,23/7/2020,Não Subrogou Compra,"1.088.220,76"
26000,MINISTERIO DA EDUCACAO,26421,"INST.FED.DE EDUC.,CIENC.E TEC. DE RONDONIA",158376,INST.FED.DE RONDONIA/CAMPUS JI-PARANA/RO,RO,JI-PARANA,23243000819202071,Dispensa de Licitação,15837606000012020,Não se Aplica,INCISO II,SISPP,"Objeto: Aquisição de parafusos para reformar carteiras, para atender a demanda do IFRO-Campus Ji-Paraná",2020,1/1/1900,Encerrado,Existe Resultado de Compra,1/1/1900,Não Subrogou Compra,494
26000,MINISTERIO DA EDUCACAO,26421,"INST.FED.DE EDUC.,CIENC.E TEC. DE RONDONIA",158376,INST.FED.DE RONDONIA/CAMPUS JI-PARANA/RO,RO,JI-PARANA,23243004584202097,Dispensa de Licitação,15837606000022020,Não se Aplica,INCISO IV,SISPP,"Objeto: Contratação Emergencial Serviço de Apoio Administrativo e Manutenção, por 4 meses, sem prorrogação, para atender a demanda do IFRO-Campus Ji-Paraná.",2020,1/1/1900,Evento de Revogação Publicado,Existe Resultado de Compra,1/1/1900,Não Subrogou Compra,"154.038,32"
26000,MINISTERIO DA EDUCACAO,26421,"INST.FED.DE EDUC.,CIENC.E TEC. DE RONDONIA",158376,INST.FED.DE RONDONIA/CAMPUS JI-PARANA/RO,RO,JI-PARANA,23243002761202009,Inexigibilidade de Licitação,15837607000012020,Não se Aplica,INCISO I,SISPP,Objeto: Contratação Serviço de Fornecimento de Água e Tratamento de Esgoto.,2020,1/1/1900,Encerrado,Existe Resultado de Compra,1/1/1900,Não Subrogou Compra,"1.485,60"
26000,MINISTERIO DA EDUCACAO,26421,"INST.FED.DE EDUC.,CIENC.E TEC. DE RONDONIA",158376,INST.FED.DE RONDONIA/CAMPUS JI-PARANA/RO,RO,JI-PARANA,004199/2020-40,Dispensa de Licitação,15837606000032020,Não se Aplica,INCISO II,SISPP,Objeto: Aquisição material manutenção bens imóveis.,2020,1/1/1900,Encerrado,Existe Resultado de Compra,1/1/1900,Não Subrogou Compra,"2.216,30"
26000,MINISTERIO DA EDUCACAO,26421,"INST.FED.DE EDUC.,CIENC.E TEC. DE RONDONIA",158376,INST.FED.DE RONDONIA/CAMPUS JI-PARANA/RO,RO,JI-PARANA,17595/2018-12,Dispensa de Licitação,15837606000042020,Não se Aplica,INCISO II,SISPP,"Objeto: Aquisição baterias estacionárias para nobreaks, para atender a demanda do IFRO-Campus Ji-Paraná",2020,1/1/1900,Revogação,Existe Resultado de Compra,1/1/1900,Não Subrogou Compra,"9.932,00"
26000,MINISTERIO DA EDUCACAO,26421,"INST.FED.DE EDUC.,CIENC.E TEC. DE RONDONIA",158376,INST.FED.DE RONDONIA/CAMPUS JI-PARANA/RO,RO,JI-PARANA,006386/2020-68,Dispensa de Licitação,15837606000052020,Não se Aplica,INCISO II,SISPP,"Objeto: Aquisição materiais manutenção bens imóveis (conserto telhado), para atender a demanda do IFRO-Campus Ji-Paraná",2020,1/1/1900,Encerrado,Existe Resultado de Compra,1/1/1900,Não Subrogou Compra,"1.472,00"
26000,MINISTERIO DA EDUCACAO,26421,"INST.FED.DE EDUC.,CIENC.E TEC. DE RONDONIA",158376,INST.FED.DE RONDONIA/CAMPUS JI-PARANA/RO,RO,JI-PARANA,006764/2020-11,Dispensa de Licitação,15837606000062020,Não se Aplica,INCISO II,SISPP,Objeto: Aquisição de motobombas,2020,1/1/1900,Encerrado,Existe Resultado de Compra,1/1/1900,Não Subrogou Compra,"3.100,00"
26000,MINISTERIO DA EDUCACAO,26421,"INST.FED.DE EDUC.,CIENC.E TEC. DE RONDONIA",158376,INST.FED.DE RONDONIA/CAMPUS JI-PARANA/RO,RO,JI-PARANA,23243008461202025,Dispensa de Licitação,15837606000072020,Não se Aplica,INCISO II,SISPP,"Objeto: Aquisição materiais para confecção de cabine de áudio, para atender a demanda do IFRO-Campus Ji-Paraná",2020,1/1/1900,Retificação,Existe Resultado de Compra,1/1/1900,Não Subrogou Compra,"255,25"
26000,MINISTERIO DA EDUCACAO,26421,"INST.FED.DE EDUC.,CIENC.E TEC. DE RONDONIA",158376,INST.FED.DE RONDONIA/CAMPUS JI-PARANA/RO,RO,JI-PARANA,23243017595201812,Dispensa de Licitação,15837606000082020,Não se Aplica,INCISO II,SISPP,Objeto: Aquisição baterias estacionárias para nobreak,2020,1/1/1900,Encerrado,Existe Resultado de Compra,1/1/1900,Não Subrogou Compra,"14.820,00"
26000,MINISTERIO DA EDUCACAO,26421,"INST.FED.DE EDUC.,CIENC.E TEC. DE RONDONIA",158376,INST.FED.DE RONDONIA/CAMPUS JI-PARANA/RO,RO,JI-PARANA,23243008580202088,Dispensa de Licitação,15837606000092020,Não se Aplica,INCISO XII,SISPP,"Objeto: Chamada Pública nº 01/2020, para aquisição de gêneros alimentícios diretamente da Agricultura Familiar e do Empreendedor Familiar Rural conforme §1º do art.14 da Lei nº 11.947/2009 e Resoluções do FNDE relativas ao PNAE.",2020,1/1/1900,Publicado,Existe Resultado de Compra,1/1/1900,Não Subrogou Compra,"10.614,37"
26000,MINISTERIO DA EDUCACAO,26421,"INST.FED.DE EDUC.,CIENC.E TEC. DE RONDONIA",158376,INST.FED.DE RONDONIA/CAMPUS JI-PARANA/RO,RO,JI-PARANA,23243010296202071,Inexigibilidade de Licitação,15837607000022020,Não se Aplica,INCISO II,SISPP,"Objeto: Contratação de empresa especializada na prestação de curso de capacitação In Company ""Como Ensinar Online em Espaços Híbridos"".",2020,1/1/1900,Publicado,Existe Resultado de Compra,1/1/1900,Não Subrogou Compra,"25.200,00"
26000,MINISTERIO DA EDUCACAO,26421,"INST.FED.DE EDUC.,CIENC.E TEC. DE RONDONIA",158376,INST.FED.DE RONDONIA/CAMPUS JI-PARANA/RO,RO,JI-PARANA,23243009977202097,Inexigibilidade de Licitação,15837607000032020,Não se Aplica,INCISO II,SISPP,"Objeto: Contratação de empresa especializada na prestação de curso de capacitação In Company, Palestra ""Para onde vamos: passos metodológicos do ato de avaliar a aprendizagem em sala de aula"", para atender a demanda do IFRO Campus Ji-Paraná.",2020,1/1/1900,Encerrado,Existe Resultado de Compra,1/1/1900,Não Subrogou Compra,"2.000,00"
26000,MINISTERIO DA EDUCACAO,26421,"INST.FED.DE EDUC.,CIENC.E TEC. DE RONDONIA",158376,INST.FED.DE RONDONIA/CAMPUS JI-PARANA/RO,RO,JI-PARANA,23243010094202020,Inexigibilidade de Licitação,15837607000042020,Não se Aplica,INCISO II,SISPP,"Objeto: Contratação de empresa especializada na prestação de curso de capacitação Palestra In Company ""Inteligência Emocional: Usando emoções a seu favor"", para atender a demanda do IFRO Campus Ji-Paraná.",2020,1/1/1900,Encerrado,Existe Resultado de Compra,1/1/1900,Não Subrogou Compra,"6.000,00"
26000,MINISTERIO DA EDUCACAO,26421,"INST.FED.DE EDUC.,CIENC.E TEC. DE RONDONIA",158532,CAMPUS ZONA NORTE IFECT RO,RO,PORTO VELHO,23243021565201991,Pregão,15853205000022020,Não se Aplica,NAO SE APLICA,SISPP,Objeto: Pregão Eletrônico -  Concessão DE USO DE ESPAÇO FÍSICO PARA EXPLORAÇÃO DE SERVIÇOS DE LANCHONETE E RESTAURANTE E SERVIÇO DE DISTRIBUIÇÃO E ARMAZENAMENTO DE MERENDA ESCOLAR RELACIONADO AO PROGRAMA NACIONAL DE ALIMENTAÇÃO ESCOLAR (PNAE),2020,4/5/2020,Publicado,Existe Resultado de Compra,5/6/2020,Não Subrogou Compra,"1.562,95"
26000,MINISTERIO DA EDUCACAO,26421,"INST.FED.DE EDUC.,CIENC.E TEC. DE RONDONIA",158532,CAMPUS ZONA NORTE IFECT RO,RO,PORTO VELHO,23243005313202059,Dispensa de Licitação,15853206000012020,Não se Aplica,INCISO II,SISPP,"Objeto: Contratação  de empresa especializada no fornecimento de baterias para nobreak e instalação nos estúdios, para atender a demanda do IFRO - Campus Porto Velho Zona Norte.",2020,1/1/1900,Revogação,Existe Resultado de Compra,1/1/1900,Não Subrogou Compra,"6.455,00"
26000,MINISTERIO DA EDUCACAO,26421,"INST.FED.DE EDUC.,CIENC.E TEC. DE RONDONIA",158532,CAMPUS ZONA NORTE IFECT RO,RO,PORTO VELHO,23243005313202059,Dispensa de Licitação,15853206000022020,Não se Aplica,INCISO II,SISPP,"Objeto: Contratação  de empresa especializada no fornecimento de baterias para nobreak e instalação nos estúdios, para atender a demanda do IFRO - Campus Porto Velho Zona Norte.",2020,1/1/1900,Encerrado,Existe Resultado de Compra,1/1/1900,Não Subrogou Compra,"6.455,00"
26000,MINISTERIO DA EDUCACAO,26421,"INST.FED.DE EDUC.,CIENC.E TEC. DE RONDONIA",158532,CAMPUS ZONA NORTE IFECT RO,RO,PORTO VELHO,23243008213202084,Inexigibilidade de Licitação,15853207000012020,Não se Aplica,INCISO II,SISPP,"Objeto: Contratação de empresa especializada  na execução de curso de capacitação Palestra: METODOLOGIAS INOV-ATIVAS NA EDUCAÇÃO À DISTÂNCIA, para atender a demanda do IFRO - Campus Zona Norte",2020,1/1/1900,Encerrado,Existe Resultado de Compra,1/1/1900,Não Subrogou Compra,"3.500,00"
26000,MINISTERIO DA EDUCACAO,26421,"INST.FED.DE EDUC.,CIENC.E TEC. DE RONDONIA",158532,CAMPUS ZONA NORTE IFECT RO,RO,PORTO VELHO,23243010290202002,Inexigibilidade de Licitação,15853207000022020,Não se Aplica,INCISO I,SISPP,"Objeto: Contratação de empresa especializada  na execução de curso de capacitação, para atender a demanda do IFRO - Campus Porto-Velho/Zona Norte",2020,1/1/1900,Publicado,Existe Resultado de Compra,1/1/1900,Não Subrogou Compra,"26.550,00"
26000,MINISTERIO DA EDUCACAO,26421,"INST.FED.DE EDUC.,CIENC.E TEC. DE RONDONIA",158533,CAMPUS CACOAL IFECT RO,RO,CACOAL,2324302648320193,Pregão,15853305000012020,Não se Aplica,NAO SE APLICA,SISRP,Objeto: Pregão Eletrônico -  Aquisição de Gêneros Alimentícios,2020,11/2/2020,Publicado,Existe Resultado de Compra,17/2/2020,Não Subrogou Compra,"356.765,30"
26000,MINISTERIO DA EDUCACAO,26421,"INST.FED.DE EDUC.,CIENC.E TEC. DE RONDONIA",158533,CAMPUS CACOAL IFECT RO,RO,CACOAL,23243020552201903,Pregão,15853305000022020,Não se Aplica,NAO SE APLICA,SISRP,Objeto: Pregão Eletrônico -  Aquisição de Equipamentos para Laboratório de Solos,2020,12/3/2020,Publicado,Existe Resultado de Compra,26/3/2020,Não Subrogou Compra,"195.577,49"
26000,MINISTERIO DA EDUCACAO,26421,"INST.FED.DE EDUC.,CIENC.E TEC. DE RONDONIA",158533,CAMPUS CACOAL IFECT RO,RO,CACOAL,23243005659202057,Pregão,15853305000032020,Não se Aplica,NAO SE APLICA,SISRP,"Objeto: Pregão Eletrônico -  Aquisição de Gêneros Alimentícios, Água e Gás",2020,20/4/2020,Publicado,Existe Resultado de Compra,23/4/2020,Não Subrogou Compra,"92.399,30"
26000,MINISTERIO DA EDUCACAO,26421,"INST.FED.DE EDUC.,CIENC.E TEC. DE RONDONIA",158533,CAMPUS CACOAL IFECT RO,RO,CACOAL,23243004504202001,Pregão,15853305000042020,Não se Aplica,NAO SE APLICA,SISRP,Objeto: Pregão Eletrônico -  Aquisição de Conjuntos Moto Bombas de Água e outros,2020,14/5/2020,Publicado,Existe Resultado de Compra,2/6/2020,Não Subrogou Compra,"135.117,61"
26000,MINISTERIO DA EDUCACAO,26421,"INST.FED.DE EDUC.,CIENC.E TEC. DE RONDONIA",158533,CAMPUS CACOAL IFECT RO,RO,CACOAL,23243004531202076,Pregão,15853305000052020,Não se Aplica,NAO SE APLICA,SISRP,Objeto: Pregão Eletrônico -  Aquisição de Madeiras de Uso Agropecuário e Outros,2020,22/5/2020,Publicado,Existe Resultado de Compra,10/6/2020,Não Subrogou Compra,"390.354,10"
26000,MINISTERIO DA EDUCACAO,26421,"INST.FED.DE EDUC.,CIENC.E TEC. DE RONDONIA",158533,CAMPUS CACOAL IFECT RO,RO,CACOAL,23243003103202026,Dispensa de Licitação,15853306000012020,Não se Aplica,INCISO XII,SISPP,Objeto: Aquisição de Gêneros Alimentícios,2020,1/1/1900,Publicado,Existe Resultado de Compra,1/1/1900,Não Subrogou Compra,"94.832,05"
26000,MINISTERIO DA EDUCACAO,26421,"INST.FED.DE EDUC.,CIENC.E TEC. DE RONDONIA",158533,CAMPUS CACOAL IFECT RO,RO,CACOAL,23243010385202018,Inexigibilidade de Licitação,15853307000012020,Não se Aplica,INCISO II,SISPP,Objeto: Contratação de empresa especializada na execução de curso de capacitação para atender a demanda do IFRO - Campus CACOAL.,2020,1/1/1900,Publicado,Existe Resultado de Compra,1/1/1900,Não Subrogou Compra,"4.000,00"
26000,MINISTERIO DA EDUCACAO,26421,"INST.FED.DE EDUC.,CIENC.E TEC. DE RONDONIA",158635,INST FED EDUC CIE E TEC RONDONIA C GUAJARÁ MI,RO,GUAJARA-MIRIM,23243014307201959,Pregão,15863505000012020,Não se Aplica,NAO SE APLICA,SISRP,"Objeto: Pregão Eletrônico -  O objeto da presente licitação é a implantação de sistema  registro de preços de para eventual aquisição de bens permanentes de enfermagem e mobiliário de uso geral, conforme condições, quantidades e exigências estabelecidas no Edital e seus anexos.",2020,23/3/2020,Evento de Resultado de Julgamento Publicado,Existe Resultado de Compra,22/4/2020,Não Subrogou Compra,"133.349,50"
26000,MINISTERIO DA EDUCACAO,26421,"INST.FED.DE EDUC.,CIENC.E TEC. DE RONDONIA",158635,INST FED EDUC CIE E TEC RONDONIA C GUAJARÁ MI,RO,GUAJARA-MIRIM,23243004395202014,Pregão,15863505000022020,Não se Aplica,NAO SE APLICA,SISRP,Objeto: Pregão Eletrônico -  Aquisição de Materiais Diversos (Consumo/Permanente) para atender as necessidades da Coordenação de Patrimônio e Almoxarifado do IFRO/Câmpus Guajará-Mirim.,2020,14/5/2020,Evento de Resultado de Julgamento Publicado,Existe Resultado de Compra,8/6/2020,Não Subrogou Compra,"331.745,11"
26000,MINISTERIO DA EDUCACAO,26421,"INST.FED.DE EDUC.,CIENC.E TEC. DE RONDONIA",158635,INST FED EDUC CIE E TEC RONDONIA C GUAJARÁ MI,RO,GUAJARA-MIRIM,23243001723202021,Dispensa de Licitação,15863506000012020,Não se Aplica,INCISO I,SISPP,"Objeto: Contratação de empresa especializada na prestação de serviços de Topografia e Sondagem, para atender a demanda do IFRO  - Campus Guajará-Mirim.",2020,1/1/1900,Encerrado,Existe Resultado de Compra,1/1/1900,Não Subrogou Compra,"12.210,00"
26000,MINISTERIO DA EDUCACAO,26421,"INST.FED.DE EDUC.,CIENC.E TEC. DE RONDONIA",158635,INST FED EDUC CIE E TEC RONDONIA C GUAJARÁ MI,RO,GUAJARA-MIRIM,23243004983202058,Dispensa de Licitação,15863506000022020,Não se Aplica,INCISO I,SISPP,"Objeto: Serviços comuns de engenharia, inerentes à reforma predial de bem imóvel, com fornecimento de peças, equipamentos, materiais e mão de obra, na forma estabelecida nas planilhas de serviços e insumos diversos descritos no Sistema Nacional de Pesquisa de Custos e Índices da Construção Civil, doravante denominada SINAPI.",2020,1/1/1900,Encerrado,Existe Resultado de Compra,1/1/1900,Não Subrogou Compra,"29.986,13"
26000,MINISTERIO DA EDUCACAO,26421,"INST.FED.DE EDUC.,CIENC.E TEC. DE RONDONIA",158635,INST FED EDUC CIE E TEC RONDONIA C GUAJARÁ MI,RO,GUAJARA-MIRIM,23243009858202034,Dispensa de Licitação,15863506000032020,Não se Aplica,INCISO II,SISPP,"Objeto: Aquisição de Gêneros Alimentícios, conforme orientações constantes na Resolução nº 2/2020/FNDE/MEC, a fim de atender a demanda do Programa Nacional de Alimentação Escolar - PNAE no âmbito do IFRO/Câmpus Guajará-Mirim, no exercício de 2020, conforme condições, quantidades e exigências estabelecidas no Projeto Básico.",2020,1/1/1900,Encerrado,Existe Resultado de Compra,1/1/1900,Não Subrogou Compra,"45.022,02"
26000,MINISTERIO DA EDUCACAO,26421,"INST.FED.DE EDUC.,CIENC.E TEC. DE RONDONIA",158635,INST FED EDUC CIE E TEC RONDONIA C GUAJARÁ MI,RO,GUAJARA-MIRIM,23243009829202072,Inexigibilidade de Licitação,15863507000012020,Não se Aplica,INCISO II,SISPP,"Objeto: Contratação de empresa especializada na execução de curso de capacitação para a semana Pedagógica, o evento consiste numa palestra ""Palestra do Prof. José Manuel Moran - Transformando a Educação com metodologias ativas e modelos híbridos e Curso In Company Como Ensinar Online em Espaços Híbridos"", para atender a demanda do IFRO - Campus Guajará-Mirim, nas quantidades e especificações constantes no Projeto Básico.",2020,1/1/1900,Publicado,Existe Resultado de Compra,1/1/1900,Não Subrogou Compra,"29.000,00"
26000,MINISTERIO DA EDUCACAO,26421,"INST.FED.DE EDUC.,CIENC.E TEC. DE RONDONIA",158636,INSTITUTO FEDERAL DE RONDONIA - CAMPUS JARU,RO,JARU,23243001654202055,Dispensa de Licitação,15863606000012020,Não se Aplica,INCISO II,SISPP,"Objeto: Contratação de empresa especializada na prestação de serviços de Topografia e Sondagem, para atender a demanda do IFRO - Campus Jaru",2020,1/1/1900,Encerrado,Existe Resultado de Compra,1/1/1900,Não Subrogou Compra,"7.920,00"
26000,MINISTERIO DA EDUCACAO,26421,"INST.FED.DE EDUC.,CIENC.E TEC. DE RONDONIA",158636,INSTITUTO FEDERAL DE RONDONIA - CAMPUS JARU,RO,JARU,23243001491202019,Dispensa de Licitação,15863606000022020,Não se Aplica,INCISO II,SISPP,"Objeto: Aquisição de suprimento para impressora, para atender a demanda do IFRO - Campus Jaru.",2020,1/1/1900,Encerrado,Existe Resultado de Compra,1/1/1900,Não Subrogou Compra,"3.774,99"
26000,MINISTERIO DA EDUCACAO,26421,"INST.FED.DE EDUC.,CIENC.E TEC. DE RONDONIA",158636,INSTITUTO FEDERAL DE RONDONIA - CAMPUS JARU,RO,JARU,23243009232202028,Inexigibilidade de Licitação,15863607000012020,Não se Aplica,INCISO II,SISPP,Objeto: Contratação de empresa especializada na prestação de curso de capacitação do Sistema de Registro de Preços e Operacionalização do módulo IRP no Sistema Comprasnet.,2020,1/1/1900,Encerrado,Existe Resultado de Compra,1/1/1900,Não Subrogou Compra,"4.600,00"