id,nome,data_nascimento,cpf,rg,telefone,email,endereco
1,Ana Silva,15/05/1990,123.456.789-01,10.123.456-1,(11) 98765-4001,ana.1@email.com,Rua A 1
2,Bruno Oliveira,22/08/1985,234.567.890-02,20.234.567-2,(21) 97654-4002,bruno.2@email.com,Rua B 2
3,Carla Souza,10/12/1998,345.678.901-03,30.345.678-3,(31) 96543-4003,carla.3@email.com,Rua C 3
4,Diego Santos,05/03/1992,456.789.012-04,40.456.789-4,(41) 95432-4004,diego.4@email.com,Rua D 4
5,Elena Costa,18/07/1980,567.890.123-05,50.567.890-5,(51) 94321-4005,elena.5@email.com,Rua E 5
6,Fabio Lima,30/01/1988,678.901.234-06,60.678.901-6,(61) 93210-4006,fabio.6@email.com,Rua F 6
7,Gisele Rocha,12/06/1995,789.012.345-07,70.789.012-7,(71) 92109-4007,gisele.7@email.com,Rua G 7
8,Helio Neves,25/09/1983,890.123.456-08,80.890.123-8,(81) 91098-4008,helio.8@email.com,Rua H 8
9,Iara Martins,07/11/1991,901.234.567-09,90.901.234-9,(91) 90987-4009,iara.9@email.com,Rua I 9
10,Joao Mendes,14/02/1987,012.345.678-10,10.012.345-0,(11) 89876-4010,joao.10@email.com,Rua J 10
11,Karen Luz,20/04/1993,123.456.789-11,11.123.456-1,(12) 98765-4011,karen.11@email.com,Rua K 11
12,Lucas Vaz,15/09/1989,234.567.890-12,12.234.567-2,(13) 97654-4012,lucas.12@email.com,Rua L 12
13,Maria Flor,02/01/1994,345.678.901-13,13.345.678-3,(14) 96543-4013,maria.13@email.com,Rua M 13
14,Nuno Dias,11/06/1982,456.789.012-14,14.456.789-4,(15) 95432-4014,nuno.14@email.com,Rua N 14
15,Olivia Paz,29/03/1996,567.890.123-15,15.567.890-5,(16) 94321-4015,olivia.15@email.com,Rua O 15
16,Pedro Gil,17/10/1984,678.901.234-16,16.678.901-6,(17) 93210-4016,pedro.16@email.com,Rua P 16
17,Quenia Sol,25/12/1991,789.012.345-17,17.789.012-7,(18) 92109-4017,quenia.17@email.com,Rua Q 17
18,Rui Faro,08/07/1986,890.123.456-18,18.890.123-8,(19) 91098-4018,rui.18@email.com,Rua R 18
19,Sara Bem,14/05/1997,901.234.567-19,19.901.234-9,(21) 90987-4019,sara.19@email.com,Rua S 19
20,Tiao Rei,30/08/1981,012.345.678-20,20.012.345-0,(22) 89876-4020,tiao.20@email.com,Rua T 20
21,Uriel Jos,03/11/1990,123.456.789-21,21.123.456-1,(23) 98765-4021,uriel.21@email.com,Rua U 21
22,Vera Mar,19/02/1992,234.567.890-22,22.234.567-2,(24) 97654-4022,vera.22@email.com,Rua V 22
23,Will San,07/04/1988,345.678.901-23,23.345.678-3,(25) 96543-4023,will.23@email.com,Rua W 23
24,Xina Mel,11/09/1995,456.789.012-24,24.456.789-4,(26) 95432-4024,xina.24@email.com,Rua X 24
25,Yago Tel,28/12/1983,567.890.123-25,25.567.890-5,(27) 94321-4025,yago.25@email.com,Rua Y 25
26,Zeca Bel,05/06/1987,678.901.234-26,26.678.901-6,(28) 93210-4026,zeca.26@email.com,Rua Z 26
27,Alan Poe,13/01/1990,789.012.345-27,27.789.012-7,(29) 92109-4027,alan.27@email.com,Rua AA 27
28,Bia Luz,22/03/1994,890.123.456-28,28.890.123-8,(31) 91098-4028,bia.28@email.com,Rua BB 28
29,Caio Rio,09/10/1986,901.234.567-29,29.901.234-9,(32) 90987-4029,caio.29@email.com,Rua CC 29
30,Dora Mar,18/07/1999,012.345.678-30,30.012.345-0,(33) 89876-4030,dora.30@email.com,Rua DD 30
31,Enzo Val,02/05/1991,123.456.789-31,31.123.456-1,(34) 98765-4031,enzo.31@email.com,Rua EE 31
32,Fia Mel,15/08/1984,234.567.890-32,32.234.567-2,(35) 97654-4032,fia.32@email.com,Rua FF 32
33,Gui Fer,27/11/1992,345.678.901-33,33.345.678-3,(36) 96543-4033,gui.33@email.com,Rua GG 33
34,Hebe Lis,04/04/1988,456.789.012-34,34.456.789-4,(37) 95432-4034,hebe.34@email.com,Rua HH 34
35,Ian Car,12/12/1980,567.890.123-35,35.567.890-5,(38) 94321-4035,ian.35@email.com,Rua II 35
36,Juca Gal,21/09/1995,678.901.234-36,36.678.901-6,(39) 93210-4036,juca.36@email.com,Rua JJ 36
37,Leo Kim,08/02/1983,789.012.345-37,37.789.012-7,(41) 92109-4037,leo.37@email.com,Rua KK 37
38,Mel Rio,30/06/1997,890.123.456-38,38.890.123-8,(42) 91098-4038,mel.38@email.com,Rua LL 38
39,Noe Vaz,14/10/1981,901.234.567-39,39.901.234-9,(43) 90987-4039,noe.39@email.com,Rua MM 39
40,Odi Luz,03/01/1994,012.345.678-40,40.012.345-0,(44) 89876-4040,odi.40@email.com,Rua NN 40
41,Pia Sol,11/05/1989,123.456.789-41,41.123.456-1,(45) 98765-4041,pia.41@email.com,Rua OO 41
42,Rai Mar,22/07/1993,234.567.890-42,42.234.567-2,(46) 97654-4042,rai.42@email.com,Rua PP 42
43,Sia Gil,05/11/1986,345.678.901-43,43.345.678-3,(47) 96543-4043,sia.43@email.com,Rua QQ 43
44,Teo Vaz,19/08/1990,456.789.012-44,44.456.789-4,(48) 95432-4044,teo.44@email.com,Rua RR 44
45,Ula Mar,07/04/1982,567.890.123-45,45.567.890-5,(49) 94321-4045,ula.45@email.com,Rua SS 45
46,Vic Luz,15/02/1996,678.901.234-46,46.678.901-6,(51) 93210-4046,vic.46@email.com,Rua TT 46
47,Wan San,29/09/1985,789.012.345-47,47.789.012-7,(52) 92109-4047,wan.47@email.com,Rua UU 47
48,Xer Mel,12/12/1991,890.123.456-48,48.890.123-8,(53) 91098-4048,xer.48@email.com,Rua VV 48
49,Yen Tel,24/06/1988,901.234.567-49,49.901.234-9,(54) 90987-4049,yen.49@email.com,Rua WW 49
50,Zoe Bel,08/03/1994,012.345.678-50,50.012.345-0,(55) 89876-4050,zoe.50@email.com,Rua XX 50
51,Abraao Silva,10/10/1980,123.456.789-51,51.123.456-1,(11) 98765-4051,abraao.51@email.com,Rua 51
52,Beatriz Lima,11/11/1981,234.567.890-52,52.234.567-2,(21) 97654-4052,beatriz.52@email.com,Rua 52
53,Carlos Rocha,12/12/1982,345.678.901-53,53.345.678-3,(31) 96543-4053,carlos.53@email.com,Rua 53
54,Daniela Vaz,01/01/1983,456.789.012-54,54.456.789-4,(41) 95432-4054,daniela.54@email.com,Rua 54
55,Eduardo Gil,02/02/1984,567.890.123-55,55.567.890-5,(51) 94321-4055,eduardo.55@email.com,Rua 55
56,Fernanda Luz,03/03/1985,678.901.234-56,56.678.901-6,(61) 93210-4056,fernanda.56@email.com,Rua 56
57,Gabriel Paz,04/04/1986,789.012.345-57,57.789.012-7,(71) 92109-4057,gabriel.57@email.com,Rua 57
58,Heloisa Rio,05/05/1987,890.123.456-58,58.890.123-8,(81) 91098-4058,heloisa.58@email.com,Rua 58
59,Italo Mar,06/06/1988,901.234.567-59,59.901.234-9,(91) 90987-4059,italo.59@email.com,Rua 59
60,Juliana Sol,07/07/1989,012.345.678-60,60.012.345-0,(11) 89876-4060,juliana.60@email.com,Rua 60
61,Kleber San,08/08/1990,123.456.789-61,61.123.456-1,(12) 98765-4061,kleber.61@email.com,Rua 61
62,Leticia Vaz,09/09/1991,234.567.890-62,62.234.567-2,(13) 97654-4062,leticia.62@email.com,Rua 62
63,Mauro Mel,10/10/1992,345.678.901-63,63.345.678-3,(14) 96543-4063,mauro.63@email.com,Rua 63
64,Natalia Tel,11/11/1993,456.789.012-64,64.456.789-4,(15) 95432-4064,natalia.64@email.com,Rua 64
65,Otavio Bel,12/12/1994,567.890.123-65,65.567.890-5,(16) 94321-4065,otavio.65@email.com,Rua 65
66,Paula Poe,01/01/1995,678.901.234-66,66.678.901-6,(17) 93210-4066,paula.66@email.com,Rua 66
67,Queiroz Luz,02/02/1996,789.012.345-67,67.789.012-7,(18) 92109-4067,queiroz.67@email.com,Rua 67
68,Renata Rio,03/03/1997,890.123.456-68,68.890.123-8,(19) 91098-4068,renata.68@email.com,Rua 68
69,Samuel Mar,04/04/1998,901.234.567-69,69.901.234-9,(21) 90987-4069,samuel.69@email.com,Rua 69
70,Tatiana Gil,05/05/1999,012.345.678-70,70.012.345-0,(22) 89876-4070,tatiana.70@email.com,Rua 70
71,Ubirajara Vaz,06/06/1980,123.456.789-71,71.123.456-1,(23) 98765-4071,ubirajara.71@email.com,Rua 71
72,Valeria Mar,07/07/1981,234.567.890-72,72.234.567-2,(24) 97654-4072,valeria.72@email.com,Rua 72
73,Wagner Sol,08/08/1982,345.678.901-73,73.345.678-3,(25) 96543-4073,wagner.73@email.com,Rua 73
74,Xavier San,09/09/1983,456.789.012-74,74.456.789-4,(26) 95432-4074,xavier.74@email.com,Rua 74
75,Yuri Vaz,10/10/1984,567.890.123-75,75.567.890-5,(27) 94321-4075,yuri.75@email.com,Rua 75
76,Zilda Mar,11/11/1985,678.901.234-76,76.678.901-6,(28) 93210-4076,zilda.76@email.com,Rua 76
77,Arthur Luz,12/12/1986,789.012.345-77,77.789.012-7,(29) 92109-4077,arthur.77@email.com,Rua 77
78,Bruna Rio,01/01/1987,890.123.456-78,78.890.123-8,(31) 91098-4078,bruna.78@email.com,Rua 78
79,Caio Mar,02/02/1988,901.234.567-79,79.901.234-9,(32) 90987-4079,caio.79@email.com,Rua 79
80,Dario Gil,03/03/1989,012.345.678-80,80.012.345-0,(33) 89876-4080,dario.80@email.com,Rua 80
81,Elisa Vaz,04/04/1990,123.456.789-81,81.123.456-1,(34) 98765-4081,elisa.81@email.com,Rua 81
82,Felipe Mar,05/05/1991,234.567.890-82,82.234.567-2,(35) 97654-4082,felipe.82@email.com,Rua 82
83,Glaucia Sol,06/06/1992,345.678.901-83,83.345.678-3,(36) 96543-4083,glaucia.83@email.com,Rua 83
84,Heitor San,07/07/1993,456.789.012-84,84.456.789-4,(37) 95432-4084,heitor.84@email.com,Rua 84
85,Ivone Vaz,08/08/1994,567.890.123-85,85.567.890-5,(38) 94321-4085,ivone.85@email.com,Rua 85
86,Jorge Mar,09/09/1995,678.901.234-86,86.678.901-6,(39) 93210-4086,jorge.86@email.com,Rua 86
87,Katia Luz,10/10/1996,789.012.345-87,87.789.012-7,(41) 92109-4087,katia.87@email.com,Rua 87
88,Leonardo Rio,11/11/1997,890.123.456-88,88.890.123-8,(42) 91098-4088,leonardo.88@email.com,Rua 88
89,Marta Mar,12/12/1998,901.234.567-89,89.901.234-9,(43) 90987-4089,marta.89@email.com,Rua 89
90,Nelson Gil,01/01/1999,012.345.678-90,90.012.345-0,(44) 89876-4090,nelson.90@email.com,Rua 90
91,Olga Vaz,02/02/1980,123.456.789-91,91.123.456-1,(45) 98765-4091,olga.91@email.com,Rua 91
92,Paulo Mar,03/03/1981,234.567.890-92,92.234.567-2,(46) 97654-4092,paulo.92@email.com,Rua 92
93,Quiteria Sol,04/04/1982,345.678.901-93,93.345.678-3,(47) 96543-4093,quiteria.93@email.com,Rua 93
94,Roberto San,05/05/1983,456.789.012-94,94.456.789-4,(48) 95432-4094,roberto.94@email.com,Rua 94
95,Silvia Vaz,06/06/1984,567.890.123-95,95.567.890-5,(49) 94321-4095,silvia.95@email.com,Rua 95
96,Tiago Mar,07/07/1985,678.901.234-96,96.678.901-6,(51) 93210-4096,tiago.96@email.com,Rua 96
97,Ursula Luz,08/08/1986,789.012.345-97,97.789.012-7,(52) 92109-4097,ursula.97@email.com,Rua 97
98,Vitor Rio,09/09/1987,890.123.456-98,98.890.123-8,(53) 91098-4098,vitor.98@email.com,Rua 98
99,Walter Mar,10/10/1988,901.234.567-99,99.901.234-9,(54) 90987-4099,walter.99@email.com,Rua 99
100,Ximena Gil,11/11/1989,012.345.678-00,00.012.345-0,(55) 89876-4100,ximena.100@email.com,Rua 100
101,Yuri Lima,12/12/1990,123.456.789-01,10.111.222-1,(11) 98765-5101,yuri.101@email.com,Rua 101
102,Zuleica Rosa,05/01/1985,234.567.890-02,20.222.333-2,(21) 97654-5102,zuleica.102@email.com,Rua 102
103,Abner Santos,15/02/1992,345.678.901-03,30.333.444-3,(31) 96543-5103,abner.103@email.com,Rua 103
104,Beatriz Cruz,20/03/1988,456.789.012-04,40.444.555-4,(41) 95432-5104,beatriz.104@email.com,Rua 104
105,Caio Nobre,10/04/1995,567.890.123-05,50.555.666-5,(51) 94321-5105,caio.105@email.com,Rua 105
106,Dafne Luz,25/05/1980,678.901.234-06,60.666.777-6,(61) 93210-5106,dafne.106@email.com,Rua 106
107,Eder Vale,30/06/1993,789.012.345-07,70.777.888-7,(71) 92109-5107,eder.107@email.com,Rua 107
108,Flavia Melo,12/07/1987,890.123.456-08,80.888.999-8,(81) 91098-5108,flavia.108@email.com,Rua 108
109,Gilson Faro,18/08/1991,901.234.567-09,90.999.000-9,(91) 90987-5109,gilson.109@email.com,Rua 109
110,Hilda Reis,22/09/1984,012.345.678-10,10.000.111-0,(11) 89876-5110,hilda.110@email.com,Rua 110
111,Isaac Vaz,07/10/1996,112.233.445-11,11.111.222-1,(12) 98765-5111,isaac.111@email.com,Rua 111
112,Julia Paz,14/11/1982,223.344.556-12,12.222.333-2,(13) 97654-5112,julia.112@email.com,Rua 112
113,Kauan Gil,28/12/1989,334.455.667-13,13.333.444-3,(14) 96543-5113,kauan.113@email.com,Rua 113
114,Lara Sol,02/01/1994,445.566.778-14,14.444.555-4,(15) 95432-5114,lara.114@email.com,Rua 114
115,Mario Mar,11/02/1981,556.677.889-15,15.555.666-5,(16) 94321-5115,mario.115@email.com,Rua 115
116,Nadia Bel,29/03/1997,667.788.990-16,16.666.777-6,(17) 93210-5116,nadia.116@email.com,Rua 116
117,Otavio Rio,17/04/1983,778.899.001-17,17.777.888-7,(18) 92109-5117,otavio.117@email.com,Rua 117
118,Paula Kim,25/05/1990,889.900.112-18,18.888.999-8,(19) 91098-5118,paula.118@email.com,Rua 118
119,Quico Tel,08/06/1986,990.011.223-19,19.999.000-9,(21) 90987-5119,quico.119@email.com,Rua 119
120,Rute Poe,14/07/1999,001.122.334-20,20.000.111-0,(22) 89876-5120,rute.120@email.com,Rua 120
121,Sandro Gil,30/08/1985,121.232.343-21,21.111.222-1,(23) 98765-5121,sandro.121@email.com,Rua 121
122,Tania Vaz,03/09/1992,232.343.454-22,22.222.333-2,(24) 97654-5122,tania.122@email.com,Rua 122
123,Umar San,19/10/1988,343.454.565-23,23.333.444-3,(25) 96543-5123,umar.123@email.com,Rua 123
124,Vitor Mel,07/11/1981,454.565.676-24,24.444.555-4,(26) 95432-5124,vitor.124@email.com,Rua 124
125,Wanda Tel,11/12/1995,565.676.787-25,25.555.666-5,(27) 94321-5125,wanda.125@email.com,Rua 125
126,Xandi Bel,28/01/1983,676.787.898-26,26.666.777-6,(28) 93210-5126,xandi.126@email.com,Rua 126
127,Yara Poe,05/02/1987,787.898.909-27,27.777.888-7,(29) 92109-5127,yara.127@email.com,Rua 127
128,Zico Luz,13/03/1994,898.909.010-28,28.888.999-8,(31) 91098-5128,zico.128@email.com,Rua 128
129,Aldo Rio,22/04/1986,909.010.121-29,29.999.000-9,(32) 90987-5129,aldo.129@email.com,Rua 129
130,Beto Mar,09/05/1999,010.121.232-30,30.000.111-0,(33) 89876-5130,beto.130@email.com,Rua 130
131,Cida Sol,18/06/1991,121.232.343-31,31.111.222-1,(34) 98765-5131,cida.131@email.com,Rua 131
132,Davi Mar,02/07/1984,232.343.454-32,32.222.333-2,(35) 97654-5132,davi.132@email.com,Rua 132
133,Ester Gil,15/08/1992,343.454.565-33,33.333.444-3,(36) 96543-5133,ester.133@email.com,Rua 133
134,Fred Vaz,27/09/1988,454.565.676-34,34.444.555-4,(37) 95432-5134,fred.134@email.com,Rua 134
135,Guga Mar,04/10/1980,565.676.787-35,35.555.666-5,(38) 94321-5135,guga.135@email.com,Rua 135
136,Hele Luz,12/11/1995,676.787.898-36,36.666.777-6,(39) 93210-5136,hele.136@email.com,Rua 136
137,Igor Rio,21/12/1983,787.898.909-37,37.777.888-7,(41) 92109-5137,igor.137@email.com,Rua 137
138,Jane Mar,08/01/1997,898.909.010-38,38.888.999-8,(42) 91098-5138,jane.138@email.com,Rua 138
139,Kiko Gil,30/02/1981,909.010.121-39,39.999.000-9,(43) 90987-5139,kiko.139@email.com,Rua 139
140,Lili Vaz,14/03/1994,010.121.232-40,40.000.111-0,(44) 89876-5140,lili.140@email.com,Rua 140
141,Mumu Mar,03/04/1989,111.222.333-41,41.111.222-1,(45) 98765-5141,mumu.141@email.com,Rua 141
142,Neno Luz,11/05/1993,222.333.444-42,42.222.333-2,(46) 97654-5142,neno.142@email.com,Rua 142
143,Oiti Rio,22/06/1986,333.444.555-43,43.333.444-3,(47) 96543-5143,oiti.143@email.com,Rua 143
144,Pipa Mar,05/07/1990,444.555.666-44,44.444.555-4,(48) 95432-5144,pipa.144@email.com,Rua 144
145,Quel Gil,19/08/1982,555.666.777-45,45.555.666-5,(49) 94321-5145,quel.145@email.com,Rua 145
146,Riba Vaz,07/09/1996,666.777.888-46,46.666.777-6,(51) 93210-5146,riba.146@email.com,Rua 146
147,Susi Mar,15/10/1985,777.888.999-47,47.777.888-7,(52) 92109-5147,susi.147@email.com,Rua 147
148,Tati Luz,29/11/1991,888.999.000-48,48.888.999-8,(53) 91098-5148,tati.148@email.com,Rua 148
149,Ulla Rio,12/12/1988,999.000.111-49,49.999.000-9,(54) 90987-5149,ulla.149@email.com,Rua 149
150,Vivi Mar,24/01/1994,000.111.222-50,50.000.111-0,(55) 89876-5150,vivi.150@email.com,Rua 150
151,Alan Lima,08/02/1980,123.456.789-51,51.111.222-1,(11) 98765-5151,alan.151@email.com,Rua 151
152,Bia Rosa,10/03/1981,234.567.890-52,52.222.333-2,(21) 97654-5152,bia.152@email.com,Rua 152
153,Cadu Santos,11/04/1982,345.678.901-53,53.333.444-3,(31) 96543-5153,cadu.153@email.com,Rua 153
154,Didi Cruz,12/05/1983,456.789.012-54,54.444.555-4,(41) 95432-5154,didi.154@email.com,Rua 154
155,Eloa Nobre,01/06/1984,567.890.123-55,55.555.666-5,(51) 94321-5155,eloa.155@email.com,Rua 155
156,Fefe Luz,02/07/1985,678.901.234-56,56.666.777-6,(61) 93210-5156,fefe.156@email.com,Rua 156
157,Guto Vale,03/08/1986,789.012.345-57,57.777.888-7,(71) 92109-5157,guto.157@email.com,Rua 157
158,Hebe Melo,04/09/1987,890.123.456-58,58.888.999-8,(81) 91098-5158,hebe.158@email.com,Rua 158
159,Icaro Faro,05/10/1988,901.234.567-59,59.999.000-9,(91) 90987-5159,icaro.159@email.com,Rua 159
160,Juju Reis,06/11/1989,012.345.678-60,60.000.111-0,(11) 89876-5160,juju.160@email.com,Rua 160
161,Kaka Vaz,07/12/1990,112.233.445-61,61.111.222-1,(12) 98765-5161,kaka.161@email.com,Rua 161
162,Lulu Paz,01/01/1991,223.344.556-62,62.222.333-2,(13) 97654-5162,lulu.162@email.com,Rua 162
163,Meme Gil,02/02/1992,334.455.667-63,63.333.444-3,(14) 96543-5163,meme.163@email.com,Rua 163
164,Nono Sol,03/03/1993,445.566.778-64,64.444.555-4,(15) 95432-5164,nono.164@email.com,Rua 164
165,Oito Mar,04/04/1994,556.677.889-65,65.555.666-5,(16) 94321-5165,oito.165@email.com,Rua 165
166,Pupu Bel,05/05/1995,667.788.990-66,66.666.777-6,(17) 93210-5166,pupu.166@email.com,Rua 166
167,Quia Rio,06/06/1996,778.899.001-67,67.777.888-7,(18) 92109-5167,quia.167@email.com,Rua 167
168,Rara Kim,07/07/1997,889.900.112-68,68.888.999-8,(19) 91098-5168,rara.168@email.com,Rua 168
169,Sasa Tel,08/08/1998,990.011.223-69,69.999.000-9,(21) 90987-5169,sasa.169@email.com,Rua 169
170,Tete Poe,09/09/1999,001.122.334-70,70.000.111-0,(22) 89876-5170,tete.170@email.com,Rua 170
171,Uu Gil,10/10/1980,121.232.343-71,71.111.222-1,(23) 98765-5171,uu.171@email.com,Rua 171
172,Vv Vaz,11/11/1981,232.343.454-72,72.222.333-2,(24) 97654-5172,vv.172@email.com,Rua 172
173,Ww San,12/12/1982,343.454.565-73,73.333.444-3,(25) 96543-5173,ww.173@email.com,Rua 173
174,Xx Mel,01/01/1983,454.565.676-74,74.444.555-4,(26) 95432-5174,xx.174@email.com,Rua 174
175,Yy Tel,02/02/1984,565.676.787-75,75.555.666-5,(27) 94321-5175,yy.175@email.com,Rua 175
176,Zz Bel,03/03/1985,676.787.898-76,76.666.777-6,(28) 93210-5176,zz.176@email.com,Rua 176
177,Aaa Poe,04/04/1986,787.898.909-77,77.777.888-7,(29) 92109-5177,aaa.177@email.com,Rua 177
178,Bbb Luz,05/05/1987,898.909.010-78,78.888.999-8,(31) 91098-5178,bbb.178@email.com,Rua 178
179,Ccc Rio,06/06/1988,909.010.121-79,79.999.000-9,(32) 90987-5179,ccc.179@email.com,Rua 179
180,Ddd Mar,07/07/1989,010.121.232-80,80.000.111-0,(33) 89876-5180,ddd.180@email.com,Rua 180
181,Eee Sol,08/08/1990,111.222.333-81,81.111.222-1,(34) 98765-5181,eee.181@email.com,Rua 181
182,Fff Mar,09/09/1991,222.333.444-82,82.222.333-2,(35) 97654-5182,fff.182@email.com,Rua 182
183,Ggg Gil,10/10/1992,333.444.555-83,83.333.444-3,(36) 96543-5183,ggg.183@email.com,Rua 183
184,Hhh Vaz,11/11/1993,444.555.666-84,84.444.555-4,(37) 95432-5184,hhh.184@email.com,Rua 184
185,Iii Mar,12/12/1994,555.666.777-85,85.555.666-5,(38) 94321-5185,iii.185@email.com,Rua 185
186,Jjj Luz,01/01/1995,666.777.888-86,86.666.777-6,(39) 93210-5186,jjj.186@email.com,Rua 186
187,Kkk Rio,02/02/1996,777.888.999-87,87.777.888-7,(41) 92109-5187,kkk.187@email.com,Rua 187
188,Lll Mar,03/03/1997,888.999.000-88,88.888.999-8,(42) 91098-5188,lll.188@email.com,Rua 188
189,Mmm Gil,04/04/1998,999.000.111-89,89.999.000-9,(43) 90987-5189,mmm.189@email.com,Rua 189
190,Nnn Vaz,05/05/1999,000.111.222-90,90.000.111-0,(44) 89876-5190,nnn.190@email.com,Rua 190
191,Ooo Mar,06/06/1980,121.232.343-91,91.111.222-1,(45) 98765-5191,ooo.191@email.com,Rua 191
192,Ppp Luz,07/07/1981,232.343.454-92,92.222.333-2,(46) 97654-5192,ppp.192@email.com,Rua 192
193,Qqq Rio,08/08/1982,343.454.565-93,93.333.444-3,(47) 96543-5193,qqq.193@email.com,Rua 193
194,Rrr Mar,09/09/1983,454.565.676-94,94.444.555-4,(48) 95432-5194,rrr.194@email.com,Rua 194
195,Sss Gil,10/10/1984,565.676.787-95,95.555.666-5,(49) 94321-5195,sss.195@email.com,Rua 195
196,Ttt Vaz,11/11/1985,676.787.898-96,96.666.777-6,(51) 93210-5196,ttt.196@email.com,Rua 196
197,Uuu Mar,12/12/1986,787.898.909-97,97.777.888-7,(52) 92109-5197,uuu.197@email.com,Rua 197
198,Vvv Luz,01/01/1987,898.909.010-98,98.888.999-8,(53) 91098-5198,vvv.198@email.com,Rua 198
199,Www Rio,02/02/1988,909.010.121-99,99.999.000-9,(54) 90987-5199,www.199@email.com,Rua 199
200,Xxx Mar,03/03/1989,010.121.232-00,00.000.111-0,(55) 89876-5200,xxx.200@email.com,Rua 200